{"0":{"0":0.0975,"1":0.01375,"2":0.01,"3":0.00875,"4":0.00875},"1":{"0":0.02,"1":0.02625,"2":0.01375,"3":0.01375,"4":0.01125},"2":{"0":0.0075,"1":0.01375,"2":0.03125,"3":0.02875,"4":0.01125},"3":{"0":0.01,"1":0.015,"2":0.02875,"3":0.0675,"4":0.1075},"4":{"0":0.015,"1":0.01,"2":0.01875,"3":0.0975,"4":0.31375}}