{"oka":{"0":2.2494987458},"good":{"0":1.1247493729},"ok":{"0":0.5623746865},"okas":{"0":0.5623746865}}