{"precision":{"0":0.6307692308,"1":0.2,"2":0.2105263158,"3":0.3626373626,"4":0.6806282723,"avg":0.5130036231},"recall":{"0":0.6833333333,"1":0.0909090909,"2":0.1860465116,"3":0.375,"4":0.7386363636,"avg":0.5375},"f1-score":{"0":0.656,"1":0.125,"2":0.1975308642,"3":0.3687150838,"4":0.7084468665,"avg":0.5227810076},"support":{"0":60.0,"1":33.0,"2":43.0,"3":88.0,"4":176.0,"avg":400.0}}