{"precision":{"0":0.5555555556,"1":0.1666666667,"2":0.3636363636,"3":0.3333333333,"4":0.6126126126,"avg":0.4838472563},"recall":{"0":0.5,"1":0.0588235294,"2":0.2105263158,"3":0.3571428571,"4":0.7391304348,"avg":0.515},"f1-score":{"0":0.5263157895,"1":0.0869565217,"2":0.2666666667,"3":0.3448275862,"4":0.6699507389,"avg":0.4922631391},"support":{"0":30.0,"1":17.0,"2":19.0,"3":42.0,"4":92.0,"avg":200.0}}