{"precision":{"0":0.7027027027,"1":0.3088235294,"2":0.3378378378,"3":0.2950819672,"4":0.6895604396,"avg":0.540191211},"recall":{"0":0.65,"1":0.3333333333,"2":0.3048780488,"3":0.3121387283,"4":0.6933701657,"avg":0.53625},"f1-score":{"0":0.6753246753,"1":0.320610687,"2":0.3205128205,"3":0.3033707865,"4":0.6914600551,"avg":0.5378889645},"support":{"0":120.0,"1":63.0,"2":82.0,"3":173.0,"4":362.0,"avg":800.0}}